Algoritmo,Pontos,Caminho,Distancia,Nós Expandidos,Tempo,Fator de Ramificação Médio
Dijkstra,"(9, 3)","[9, 603, 594, 588, 592, 590, 591, 587, 586, 596, 598, 1147, 7, 1148, 1072, 1153, 1154, 1178, 1176, 1177, 1179, 1182, 1181, 1183, 1274, 1355, 1358, 1357, 1359, 1280, 1287, 1371, 1373, 1374, 1382, 1383, 1381, 1385, 1387, 1443, 1442, 1444, 1445, 1447, 1448, 1460, 1461, 1462, 1463, 1474, 3137, 3138, 3139, 3142, 3141, 3145, 3158, 3160, 3157, 3164, 3165, 3175, 3176, 3178, 3180, 3206, 3207, 3211, 3261, 3262, 3923, 3924, 3864, 3926, 4, 3]",98422,264346,2.5897042751312256,102075.7476204904
A* HAVERSINI,"(9, 3)","[9, 603, 594, 588, 592, 590, 591, 587, 586, 596, 598, 1147, 7, 1148, 1072, 1153, 1154, 1178, 1176, 1177, 1179, 1182, 1181, 1183, 1274, 1355, 1358, 1357, 1359, 1280, 1287, 1371, 1373, 1374, 1382, 1383, 1381, 1385, 1387, 1443, 1442, 1444, 1445, 1447, 1448, 1460, 1461, 1462, 1463, 1474, 3137, 3138, 3139, 3142, 3141, 3145, 3158, 3160, 3157, 3164, 3165, 3175, 3176, 3178, 3180, 3206, 3207, 3211, 3261, 3262, 3923, 3924, 3864, 3926, 4, 3]",98422,2802,0.9526209831237793,2941.3586826650035
A* EUCLIDIANO,"(9, 3)","[9, 603, 594, 588, 592, 590, 591, 587, 586, 596, 598, 1147, 7, 1148, 1072, 1153, 1154, 1178, 1176, 1177, 1179, 1182, 1181, 1183, 1274, 1355, 1358, 1357, 1359, 1280, 1287, 1371, 1373, 1374, 1382, 1383, 1381, 1385, 1387, 1443, 1442, 1444, 1445, 1447, 1448, 1460, 1461, 1462, 1463, 1474, 3137, 3138, 3139, 3142, 3141, 3145, 3158, 3160, 3157, 3164, 3165, 3175, 3176, 3178, 3180, 3206, 3207, 3211, 3261, 3262, 3923, 3924, 3864, 3926, 4, 3]",98422,3007,1.1813926696777344,2545.3010478050987
A* MANHATTAN,"(9, 3)","[9, 603, 594, 588, 592, 590, 591, 587, 586, 596, 598, 1147, 7, 1148, 1072, 1153, 1154, 1178, 1176, 1177, 1179, 1182, 1181, 1183, 1274, 1355, 1358, 1357, 1359, 1280, 1287, 1371, 1373, 1374, 1382, 1383, 1381, 1385, 1387, 1443, 1442, 1444, 1445, 1447, 1448, 1460, 1461, 1462, 1463, 1474, 3137, 3138, 3139, 3142, 3141, 3145, 3158, 3160, 3157, 3164, 3165, 3175, 3176, 3178, 3180, 3206, 3207, 3211, 3261, 3262, 3923, 3924, 3864, 3926, 4, 3]",98422,3007,1.1314949989318848,2657.545992548412
BFS,"(9, 3)","[9, 603, 594, 588, 592, 590, 591, 587, 586, 596, 598, 1147, 7, 1148, 1072, 1153, 1154, 1178, 1176, 1177, 1179, 1182, 1186, 1215, 1216, 1218, 1401, 1402, 1405, 1404, 1410, 3591, 3601, 3592, 3603, 3594, 3604, 1441, 1495, 3649, 3650, 3652, 3653, 3661, 3663, 3664, 3667, 3679, 3681, 3682, 3685, 3686, 3823, 3824, 3199, 3220, 3221, 3222, 3223, 3848, 3854, 3855, 3856, 3868, 3870, 3876, 3937, 4, 3]",113736,6116,0.2415153980255127,25323.437139001508
Dijkstra,"(4, 15)","[4, 3926, 3864, 3924, 3923, 3262, 3261, 3211, 3207, 3206, 3180, 3178, 3176, 3175, 3165, 3164, 3157, 3156, 3024, 3021, 3018, 3017, 3003, 2988, 2986, 2969, 2951, 2967, 2964, 2956, 2929, 2927, 2952, 2547, 2522, 2545, 2518, 2507, 2508, 2505, 2483, 2478, 2467, 2468, 2466, 2465, 2369, 2366, 2340, 2338, 2339, 2333, 2334, 2329, 2029, 2027, 2019, 2022, 2000, 1996, 1997, 1993, 1992, 1989, 1984, 1892, 1889, 1886, 408, 398, 397, 396, 393, 391, 284, 283, 282, 280, 279, 271, 278, 276, 255, 274, 273, 251, 14, 15]",112304,264346,2.7247817516326904,97015.47650251392
A* HAVERSINI,"(4, 15)","[4, 3926, 3864, 3924, 3923, 3262, 3261, 3211, 3207, 3206, 3180, 3178, 3176, 3175, 3165, 3164, 3157, 3156, 3024, 3021, 3018, 3017, 3003, 2988, 2986, 2969, 2951, 2967, 2964, 2956, 2929, 2927, 2952, 2547, 2522, 2545, 2518, 2507, 2508, 2505, 2483, 2478, 2467, 2468, 2466, 2465, 2369, 2366, 2340, 2338, 2339, 2333, 2334, 2329, 2029, 2027, 2019, 2022, 2000, 1996, 1997, 1993, 1992, 1989, 1984, 1892, 1889, 1886, 408, 398, 397, 396, 393, 391, 284, 283, 282, 280, 279, 271, 278, 276, 255, 274, 273, 251, 14, 15]",112304,4161,2.126628875732422,1956.6178412615272
A* EUCLIDIANO,"(4, 15)","[4, 3926, 3864, 3924, 3923, 3262, 3261, 3211, 3207, 3206, 3180, 3178, 3176, 3175, 3165, 3164, 3157, 3156, 3024, 3021, 3018, 3017, 3003, 2988, 2986, 2969, 2951, 2967, 2964, 2956, 2929, 2927, 2952, 2547, 2522, 2545, 2518, 2507, 2508, 2505, 2483, 2478, 2467, 2468, 2466, 2465, 2369, 2366, 2340, 2338, 2339, 2333, 2334, 2329, 2029, 2027, 2019, 2022, 2000, 1996, 1997, 1993, 1992, 1989, 1984, 1892, 1889, 1886, 408, 398, 397, 396, 393, 391, 284, 283, 282, 280, 279, 271, 278, 276, 255, 274, 273, 251, 14, 15]",112304,4257,2.2636735439300537,1880.5715211961408
A* MANHATTAN,"(4, 15)","[4, 3926, 3864, 3924, 3923, 3262, 3261, 3211, 3207, 3206, 3180, 3178, 3176, 3175, 3165, 3164, 3157, 3156, 3024, 3021, 3018, 3017, 3003, 2988, 2986, 2969, 2951, 2967, 2964, 2956, 2929, 2927, 2952, 2547, 2522, 2545, 2518, 2507, 2508, 2505, 2483, 2478, 2467, 2468, 2466, 2465, 2369, 2366, 2340, 2338, 2339, 2333, 2334, 2329, 2029, 2027, 2019, 2022, 2000, 1996, 1997, 1993, 1992, 1989, 1984, 1892, 1889, 1886, 408, 398, 397, 396, 393, 391, 284, 283, 282, 280, 279, 271, 278, 276, 255, 274, 273, 251, 14, 15]",112304,4257,2.0956051349639893,2031.3941443329934
BFS,"(4, 15)","[4, 3937, 3876, 3870, 3868, 3856, 3855, 3854, 3848, 3223, 3216, 3204, 3203, 3175, 3165, 3099, 3025, 3023, 3021, 2999, 2998, 2989, 2987, 2983, 2982, 2981, 1328, 1327, 1323, 1019, 1311, 1031, 1016, 1012, 989, 977, 881, 882, 874, 869, 858, 856, 854, 852, 850, 849, 476, 474, 475, 471, 470, 469, 436, 435, 404, 403, 402, 394, 393, 391, 284, 283, 282, 280, 279, 271, 278, 276, 255, 274, 273, 251, 14, 15]",133870,4184,0.23839545249938965,17550.670351024048
Dijkstra,"(9, 598)","[9, 603, 594, 588, 592, 590, 591, 587, 586, 596, 598]",17808,264346,2.765005350112915,95604.1549753981
A* HAVERSINI,"(9, 598)","[9, 603, 594, 588, 592, 590, 591, 587, 586, 596, 598]",17808,45,0.0004968643188476562,90567.98464491362
A* EUCLIDIANO,"(9, 598)","[9, 603, 594, 588, 592, 590, 591, 587, 586, 596, 598]",17808,55,0.0005919933319091797,92906.4518727346
A* MANHATTAN,"(9, 598)","[9, 603, 594, 588, 592, 590, 591, 587, 586, 596, 598]",17808,55,0.0005116462707519531,107496.14165890028
BFS,"(9, 598)","[9, 603, 594, 588, 592, 590, 591, 587, 586, 596, 598]",17808,44,0.22691774368286133,193.9028622701894
Dijkstra,"(3165, 3211)","[3165, 3175, 3176, 3178, 3180, 3206, 3207, 3211]",5405,264346,2.7083475589752197,97604.16425284161
A* HAVERSINI,"(3165, 3211)","[3165, 3175, 3176, 3178, 3180, 3206, 3207, 3211]",5405,35,0.00045490264892578125,76939.53878406709
A* EUCLIDIANO,"(3165, 3211)","[3165, 3175, 3176, 3178, 3180, 3206, 3207, 3211]",5405,43,0.0005285739898681641,81350.95714930086
A* MANHATTAN,"(3165, 3211)","[3165, 3175, 3176, 3178, 3180, 3206, 3207, 3211]",5405,43,0.00046634674072265625,92206.06952965235
BFS,"(3165, 3211)","[3165, 3175, 3176, 3178, 3180, 3206, 3207, 3211]",5405,110,0.4131460189819336,266.2496912618446
Dijkstra,"(3142, 1461)","[3142, 3139, 3138, 3137, 1474, 1463, 1462, 1461]",8958,264346,2.7058019638061523,97695.98940942233
A* HAVERSINI,"(3142, 1461)","[3142, 3139, 3138, 3137, 1474, 1463, 1462, 1461]",8958,80,0.0013644695281982422,58630.84396295649
A* EUCLIDIANO,"(3142, 1461)","[3142, 3139, 3138, 3137, 1474, 1463, 1462, 1461]",8958,89,0.0013442039489746094,66210.19084781838
A* MANHATTAN,"(3142, 1461)","[3142, 3139, 3138, 3137, 1474, 1463, 1462, 1461]",8958,89,0.0012955665588378906,68695.81450128819
BFS,"(3142, 1461)","[3142, 3139, 3138, 3137, 1474, 1463, 1462, 1461]",8958,54,0.2369089126586914,227.9357048833212
Dijkstra,"(1177, 1355)","[1177, 1179, 1182, 1181, 1183, 1274, 1355]",11104,264346,2.63680362701416,100252.44098262173
A* HAVERSINI,"(1177, 1355)","[1177, 1179, 1182, 1181, 1183, 1274, 1355]",11104,55,0.0007848739624023438,70074.94532199271
A* EUCLIDIANO,"(1177, 1355)","[1177, 1179, 1182, 1181, 1183, 1274, 1355]",11104,63,0.0007443428039550781,84638.42152466367
A* MANHATTAN,"(1177, 1355)","[1177, 1179, 1182, 1181, 1183, 1274, 1355]",11104,63,0.0008168220520019531,77128.18213660245
BFS,"(1177, 1355)","[1177, 1179, 1182, 1181, 1183, 1274, 1355]",11104,41,0.4104008674621582,99.90232294959874
Dijkstra,"(3864, 1280)","[3864, 3924, 3923, 3262, 3261, 3211, 3207, 3206, 3180, 3178, 3176, 3175, 3165, 3164, 3157, 3160, 3158, 3145, 3141, 3142, 3139, 3138, 3137, 1474, 1463, 1462, 1461, 1460, 1448, 1447, 1445, 1444, 1442, 1443, 1387, 1385, 1381, 1383, 1382, 1374, 1373, 1371, 1287, 1280]",44687,264346,2.8383381366729736,93134.07609350573
A* HAVERSINI,"(3864, 1280)","[3864, 3924, 3923, 3262, 3261, 3211, 3207, 3206, 3180, 3178, 3176, 3175, 3165, 3164, 3157, 3160, 3158, 3145, 3141, 3142, 3139, 3138, 3137, 1474, 1463, 1462, 1461, 1460, 1448, 1447, 1445, 1444, 1442, 1443, 1387, 1385, 1381, 1383, 1382, 1374, 1373, 1371, 1287, 1280]",44687,1425,0.21685528755187988,6571.202464496453
A* EUCLIDIANO,"(3864, 1280)","[3864, 3924, 3923, 3262, 3261, 3211, 3207, 3206, 3180, 3178, 3176, 3175, 3165, 3164, 3157, 3160, 3158, 3145, 3141, 3142, 3139, 3138, 3137, 1474, 1463, 1462, 1461, 1460, 1448, 1447, 1445, 1444, 1442, 1443, 1387, 1385, 1381, 1383, 1382, 1374, 1373, 1371, 1287, 1280]",44687,1505,0.24022746086120605,6264.895755899986
A* MANHATTAN,"(3864, 1280)","[3864, 3924, 3923, 3262, 3261, 3211, 3207, 3206, 3180, 3178, 3176, 3175, 3165, 3164, 3157, 3160, 3158, 3145, 3141, 3142, 3139, 3138, 3137, 1474, 1463, 1462, 1461, 1460, 1448, 1447, 1445, 1444, 1442, 1443, 1387, 1385, 1381, 1383, 1382, 1374, 1373, 1371, 1287, 1280]",44687,1505,0.2380080223083496,6323.316270618005
BFS,"(3864, 1280)","[3864, 3863, 3862, 3860, 3859, 3219, 3217, 3951, 3223, 3222, 3221, 3220, 3199, 3824, 3823, 3686, 3685, 3682, 3681, 3679, 3667, 3665, 1528, 1501, 1499, 1498, 1456, 1445, 1444, 1442, 1443, 1387, 1385, 1381, 1377, 1375, 1374, 1373, 1371, 1287, 1280]",52118,1752,0.24527907371520996,7142.884117518408
Dijkstra,"(598, 603)","[598, 596, 586, 587, 591, 590, 592, 588, 594, 603]",16175,264346,2.622882604598999,100784.53360302594
A* HAVERSINI,"(598, 603)","[598, 596, 586, 587, 591, 590, 592, 588, 594, 603]",16175,59,0.0007369518280029297,80059.50695567777
A* EUCLIDIANO,"(598, 603)","[598, 596, 586, 587, 591, 590, 592, 588, 594, 603]",16175,65,0.0006737709045410156,96471.96036801132
A* MANHATTAN,"(598, 603)","[598, 596, 586, 587, 591, 590, 592, 588, 594, 603]",16175,65,0.0006685256958007812,97228.87303851641
BFS,"(598, 603)","[598, 596, 586, 587, 591, 590, 592, 588, 594, 603]",16175,77,0.23950910568237305,321.49090858413615
Dijkstra,"(1178, 3180)","[1178, 1176, 1177, 1179, 1182, 1181, 1183, 1274, 1355, 1358, 1357, 1359, 1280, 1287, 1371, 1373, 1374, 1382, 1383, 1381, 1385, 1387, 1443, 1442, 1444, 1445, 1447, 1448, 1460, 1461, 1462, 1463, 1474, 3137, 3138, 3139, 3142, 3141, 3145, 3158, 3160, 3157, 3164, 3165, 3175, 3176, 3178, 3180]",53943,264346,2.964719295501709,89163.92199460005
A* HAVERSINI,"(1178, 3180)","[1178, 1176, 1177, 1179, 1182, 1181, 1183, 1274, 1355, 1358, 1357, 1359, 1280, 1287, 1371, 1373, 1374, 1382, 1383, 1381, 1385, 1387, 1443, 1442, 1444, 1445, 1447, 1448, 1460, 1461, 1462, 1463, 1474, 3137, 3138, 3139, 3142, 3141, 3145, 3158, 3160, 3157, 3164, 3165, 3175, 3176, 3178, 3180]",53943,1544,0.29910778999328613,5162.01868241097
A* EUCLIDIANO,"(1178, 3180)","[1178, 1176, 1177, 1179, 1182, 1181, 1183, 1274, 1355, 1358, 1357, 1359, 1280, 1287, 1371, 1373, 1374, 1382, 1383, 1381, 1385, 1387, 1443, 1442, 1444, 1445, 1447, 1448, 1460, 1461, 1462, 1463, 1474, 3137, 3138, 3139, 3142, 3141, 3145, 3158, 3160, 3157, 3164, 3165, 3175, 3176, 3178, 3180]",53943,1637,0.26514387130737305,6174.006556999678
A* MANHATTAN,"(1178, 3180)","[1178, 1176, 1177, 1179, 1182, 1181, 1183, 1274, 1355, 1358, 1357, 1359, 1280, 1287, 1371, 1373, 1374, 1382, 1383, 1381, 1385, 1387, 1443, 1442, 1444, 1445, 1447, 1448, 1460, 1461, 1462, 1463, 1474, 3137, 3138, 3139, 3142, 3141, 3145, 3158, 3160, 3157, 3164, 3165, 3175, 3176, 3178, 3180]",53943,1637,0.298781156539917,5478.926512493426
BFS,"(1178, 3180)","[1178, 1176, 1177, 1179, 1182, 1186, 1215, 1216, 1218, 1401, 1402, 1405, 1404, 1410, 3591, 3601, 3592, 3603, 3594, 3604, 1441, 1495, 3649, 1496, 1488, 1502, 1499, 1500, 1512, 1513, 1515, 1517, 1519, 1518, 1521, 3181, 3183, 3185, 3177, 3165, 3175, 3176, 3178, 3180]",70218,2653,0.4264986515045166,6220.418260740749
Dijkstra,"(1461, 1373)","[1461, 1460, 1448, 1447, 1445, 1444, 1442, 1443, 1387, 1385, 1381, 1383, 1382, 1374, 1373]",15079,264346,2.952634811401367,89528.85029304969
A* HAVERSINI,"(1461, 1373)","[1461, 1460, 1448, 1447, 1445, 1444, 1442, 1443, 1387, 1385, 1381, 1383, 1382, 1374, 1373]",15079,229,0.0077402591705322266,29585.572647466503
A* EUCLIDIANO,"(1461, 1373)","[1461, 1460, 1448, 1447, 1445, 1444, 1442, 1443, 1387, 1385, 1381, 1383, 1382, 1374, 1373]",15079,262,0.009878396987915039,26522.521854560375
A* MANHATTAN,"(1461, 1373)","[1461, 1460, 1448, 1447, 1445, 1444, 1442, 1443, 1387, 1385, 1381, 1383, 1382, 1374, 1373]",15079,262,0.009678363800048828,27070.691432231364
BFS,"(1461, 1373)","[1461, 1460, 1448, 1447, 1445, 1444, 1442, 1443, 1387, 1385, 1381, 1377, 1375, 1374, 1373]",15708,305,0.34226465225219727,891.1232813351147
Dijkstra,"(15, 4)","[15, 14, 251, 273, 274, 255, 276, 278, 271, 279, 280, 282, 283, 284, 391, 393, 396, 397, 398, 408, 1886, 1889, 1892, 1984, 1989, 1992, 1993, 1997, 1996, 2000, 2022, 2019, 2027, 2029, 2329, 2334, 2333, 2339, 2338, 2340, 2366, 2369, 2465, 2466, 2468, 2467, 2478, 2483, 2505, 2508, 2507, 2518, 2545, 2522, 2547, 2952, 2927, 2929, 2956, 2964, 2967, 2951, 2969, 2986, 2988, 3003, 3017, 3018, 3021, 3024, 3156, 3157, 3164, 3165, 3175, 3176, 3178, 3180, 3206, 3207, 3211, 3261, 3262, 3923, 3924, 3864, 3926, 4]",112304,264346,2.873326539993286,91999.9854943802
A* HAVERSINI,"(15, 4)","[15, 14, 251, 273, 274, 255, 276, 278, 271, 279, 280, 282, 283, 284, 391, 393, 396, 397, 398, 408, 1886, 1889, 1892, 1984, 1989, 1992, 1993, 1997, 1996, 2000, 2022, 2019, 2027, 2029, 2329, 2334, 2333, 2339, 2338, 2340, 2366, 2369, 2465, 2466, 2468, 2467, 2478, 2483, 2505, 2508, 2507, 2518, 2545, 2522, 2547, 2952, 2927, 2929, 2956, 2964, 2967, 2951, 2969, 2986, 2988, 3003, 3017, 3018, 3021, 3024, 3156, 3157, 3164, 3165, 3175, 3176, 3178, 3180, 3206, 3207, 3211, 3261, 3262, 3923, 3924, 3864, 3926, 4]",112304,4666,4.028238296508789,1158.3227347905283
A* EUCLIDIANO,"(15, 4)","[15, 14, 251, 273, 274, 255, 276, 278, 271, 279, 280, 282, 283, 284, 391, 393, 396, 397, 398, 408, 1886, 1889, 1892, 1984, 1989, 1992, 1993, 1997, 1996, 2000, 2022, 2019, 2027, 2029, 2329, 2334, 2333, 2339, 2338, 2340, 2366, 2369, 2465, 2466, 2468, 2467, 2478, 2483, 2505, 2508, 2507, 2518, 2545, 2522, 2547, 2952, 2927, 2929, 2956, 2964, 2967, 2951, 2969, 2986, 2988, 3003, 3017, 3018, 3021, 3024, 3156, 3157, 3164, 3165, 3175, 3176, 3178, 3180, 3206, 3207, 3211, 3261, 3262, 3923, 3924, 3864, 3926, 4]",112304,5389,5.868098974227905,918.3553351209549
A* MANHATTAN,"(15, 4)","[15, 14, 251, 273, 274, 255, 276, 278, 271, 279, 280, 282, 283, 284, 391, 393, 396, 397, 398, 408, 1886, 1889, 1892, 1984, 1989, 1992, 1993, 1997, 1996, 2000, 2022, 2019, 2027, 2029, 2329, 2334, 2333, 2339, 2338, 2340, 2366, 2369, 2465, 2466, 2468, 2467, 2478, 2483, 2505, 2508, 2507, 2518, 2545, 2522, 2547, 2952, 2927, 2929, 2956, 2964, 2967, 2951, 2969, 2986, 2988, 3003, 3017, 3018, 3021, 3024, 3156, 3157, 3164, 3165, 3175, 3176, 3178, 3180, 3206, 3207, 3211, 3261, 3262, 3923, 3924, 3864, 3926, 4]",112304,5389,4.910956382751465,1097.3422649257377
BFS,"(15, 4)","[15, 14, 251, 273, 274, 255, 276, 278, 271, 279, 280, 282, 283, 284, 391, 393, 396, 397, 398, 408, 1886, 1889, 1892, 1984, 1989, 1992, 1993, 1997, 1996, 2000, 2022, 2019, 2027, 2029, 2032, 2047, 2048, 2350, 2393, 2402, 2443, 2444, 2446, 2447, 2451, 2452, 2453, 2568, 2574, 2635, 2651, 2650, 2652, 3046, 3045, 3063, 3061, 3083, 3087, 3100, 3179, 3176, 3178, 3180, 3206, 3207, 3211, 3261, 3262, 3923, 3924, 3864, 3926, 4]",125350,10649,0.49773740768432617,21394.815490246983
Dijkstra,"(4887, 1729)","[4887, 4888, 1729]",4588,264346,2.855057954788208,92588.66341282713
A* HAVERSINI,"(4887, 1729)","[4887, 4888, 1729]",4588,5,4.2438507080078125e-05,117817.52808988764
A* EUCLIDIANO,"(4887, 1729)","[4887, 4888, 1729]",4588,5,6.246566772460938e-05,80043.96946564886
A* MANHATTAN,"(4887, 1729)","[4887, 4888, 1729]",4588,5,2.574920654296875e-05,194180.74074074073
BFS,"(4887, 1729)","[4887, 4888, 1729]",4588,2,0.29483556747436523,6.783442096665939
Dijkstra,"(1965, 1997)","[1965, 1874, 1875, 1900, 2001, 1984, 1989, 1992, 1993, 1997]",18038,264346,2.9465179443359375,89714.70902057452
A* HAVERSINI,"(1965, 1997)","[1965, 1874, 1875, 1900, 2001, 1984, 1989, 1992, 1993, 1997]",18038,246,0.008176803588867188,30085.10566829951
A* EUCLIDIANO,"(1965, 1997)","[1965, 1874, 1875, 1900, 2001, 1984, 1989, 1992, 1993, 1997]",18038,274,0.008571386337280273,31966.824177352508
A* MANHATTAN,"(1965, 1997)","[1965, 1874, 1875, 1900, 2001, 1984, 1989, 1992, 1993, 1997]",18038,274,0.008237838745117188,33261.15119240565
BFS,"(1965, 1997)","[1965, 1874, 1875, 1900, 2001, 1984, 1989, 1992, 1993, 1997]",18038,94,0.5274052619934082,178.23106209580226
Dijkstra,"(2022, 1249)","[2022, 2019, 2027, 2029, 2329, 2334, 2333, 2339, 2338, 2340, 2366, 2369, 991, 990, 989, 977, 969, 980, 979, 986, 987, 996, 995, 994, 998, 1000, 952, 1002, 962, 964, 963, 1246, 1249]",42896,264346,2.8572967052459717,92516.11829974223
A* HAVERSINI,"(2022, 1249)","[2022, 2019, 2027, 2029, 2329, 2334, 2333, 2339, 2338, 2340, 2366, 2369, 991, 990, 989, 977, 969, 980, 979, 986, 987, 996, 995, 994, 998, 1000, 952, 1002, 962, 964, 963, 1246, 1249]",42896,1239,0.17992353439331055,6886.258677486636
A* EUCLIDIANO,"(2022, 1249)","[2022, 2019, 2027, 2029, 2329, 2334, 2333, 2339, 2338, 2340, 2366, 2369, 991, 990, 989, 977, 969, 980, 979, 986, 987, 996, 995, 994, 998, 1000, 952, 1002, 962, 964, 963, 1246, 1249]",42896,1402,0.2154841423034668,6506.279232490158
A* MANHATTAN,"(2022, 1249)","[2022, 2019, 2027, 2029, 2329, 2334, 2333, 2339, 2338, 2340, 2366, 2369, 991, 990, 989, 977, 969, 980, 979, 986, 987, 996, 995, 994, 998, 1000, 952, 1002, 962, 964, 963, 1246, 1249]",42896,1402,0.21389460563659668,6554.63000493792
BFS,"(2022, 1249)","[2022, 2019, 488, 486, 489, 490, 860, 863, 862, 865, 877, 886, 887, 881, 977, 969, 980, 979, 986, 987, 996, 995, 994, 998, 1000, 952, 1002, 962, 964, 963, 1246, 1249]",47366,1628,0.2496967315673828,6519.909130491243
Dijkstra,"(4755, 4723)","[4755, 4754, 4709, 4703, 4702, 4701, 4723]",28216,264346,2.810058355331421,94071.35602663411
A* HAVERSINI,"(4755, 4723)","[4755, 4754, 4709, 4703, 4702, 4701, 4723]",28216,81,0.0014939308166503906,54219.378231726776
A* EUCLIDIANO,"(4755, 4723)","[4755, 4754, 4709, 4703, 4702, 4701, 4723]",28216,97,0.0012645721435546875,76705.78582202112
A* MANHATTAN,"(4755, 4723)","[4755, 4754, 4709, 4703, 4702, 4701, 4723]",28216,97,0.0018281936645507812,53057.83620239958
BFS,"(4755, 4723)","[4755, 4754, 4709, 4703, 4702, 4701, 4723]",28216,27,0.2741987705230713,98.46871285561873
Dijkstra,"(2029, 1673)","[2029, 2027, 2019, 2022, 2000, 1996, 1997, 1993, 1992, 1989, 1984, 2001, 1900, 1875, 1874, 1965, 1963, 1964, 1923, 1944, 1945, 1938, 1937, 1939, 1935, 1931, 1934, 1673]",34339,264346,2.897890567779541,91220.14576366512
A* HAVERSINI,"(2029, 1673)","[2029, 2027, 2019, 2022, 2000, 1996, 1997, 1993, 1992, 1989, 1984, 2001, 1900, 1875, 1874, 1965, 1963, 1964, 1923, 1944, 1945, 1938, 1937, 1939, 1935, 1931, 1934, 1673]",34339,750,0.06679534912109375,11228.326670474014
A* EUCLIDIANO,"(2029, 1673)","[2029, 2027, 2019, 2022, 2000, 1996, 1997, 1993, 1992, 1989, 1984, 2001, 1900, 1875, 1874, 1965, 1963, 1964, 1923, 1944, 1945, 1938, 1937, 1939, 1935, 1931, 1934, 1673]",34339,999,0.10279488563537598,9718.382328315007
A* MANHATTAN,"(2029, 1673)","[2029, 2027, 2019, 2022, 2000, 1996, 1997, 1993, 1992, 1989, 1984, 2001, 1900, 1875, 1874, 1965, 1963, 1964, 1923, 1944, 1945, 1938, 1937, 1939, 1935, 1931, 1934, 1673]",34339,999,0.09970211982727051,10019.847137961791
BFS,"(2029, 1673)","[2029, 2027, 2019, 2022, 2000, 1996, 1997, 1993, 1992, 1989, 1984, 2001, 1900, 1875, 1874, 1965, 1971, 1970, 1948, 1937, 1939, 1935, 1931, 1934, 1673]",35394,1027,0.40905261039733887,2510.679491819914
Dijkstra,"(990, 964)","[990, 989, 977, 969, 980, 979, 986, 987, 996, 995, 994, 998, 1000, 952, 1002, 962, 964]",16885,264346,3.09287428855896,85469.36452537318
A* HAVERSINI,"(990, 964)","[990, 989, 977, 969, 980, 979, 986, 987, 996, 995, 994, 998, 1000, 952, 1002, 962, 964]",16885,191,0.006120443344116211,31206.889642008493
A* EUCLIDIANO,"(990, 964)","[990, 989, 977, 969, 980, 979, 986, 987, 996, 995, 994, 998, 1000, 952, 1002, 962, 964]",16885,220,0.006405353546142578,34346.26963448225
A* MANHATTAN,"(990, 964)","[990, 989, 977, 969, 980, 979, 986, 987, 996, 995, 994, 998, 1000, 952, 1002, 962, 964]",16885,220,0.006688117980957031,32894.15656637673
BFS,"(990, 964)","[990, 989, 1012, 1016, 1031, 1311, 1019, 1310, 1309, 1024, 1010, 1008, 1001, 1002, 962, 964]",22815,433,0.2730867862701416,1585.576533797098
Dijkstra,"(1, 64)","[1, 1363, 1358, 1357, 1356, 1276, 1273, 1277, 1269, 1267, 1268, 1284, 1283, 1282, 1255, 1253, 1260, 1259, 1249, 1246, 963, 964, 962, 1002, 952, 1000, 998, 994, 995, 996, 987, 988, 979, 980, 969, 977, 989, 990, 991, 2465, 2466, 2384, 2382, 2385, 2379, 2380, 2445, 2444, 2405, 2406, 2398, 2395, 2397, 2142, 2143, 2144, 2139, 2131, 2130, 2129, 2087, 2081, 2073, 2075, 2164, 2163, 2162, 2159, 2158, 2160, 71, 1852, 1836, 64]",101561,264346,3.414762258529663,77412.70987158643
A* HAVERSINI,"(1, 64)","[1, 1363, 1358, 1357, 1356, 1276, 1273, 1277, 1269, 1267, 1268, 1284, 1283, 1282, 1255, 1253, 1260, 1259, 1249, 1246, 963, 964, 962, 1002, 952, 1000, 998, 994, 995, 996, 987, 988, 979, 980, 969, 977, 989, 990, 991, 2465, 2466, 2384, 2382, 2385, 2379, 2380, 2445, 2444, 2405, 2406, 2398, 2395, 2397, 2142, 2143, 2144, 2139, 2131, 2130, 2129, 2087, 2081, 2073, 2075, 2164, 2163, 2162, 2159, 2158, 2160, 71, 1852, 1836, 64]",101561,3975,3.1197633743286133,1274.1350939333458
A* EUCLIDIANO,"(1, 64)","[1, 1363, 1358, 1357, 1356, 1276, 1273, 1277, 1269, 1267, 1268, 1284, 1283, 1282, 1255, 1253, 1260, 1259, 1249, 1246, 963, 964, 962, 1002, 952, 1000, 998, 994, 995, 996, 987, 988, 979, 980, 969, 977, 989, 990, 991, 2465, 2466, 2384, 2382, 2385, 2379, 2380, 2445, 2444, 2405, 2406, 2398, 2395, 2397, 2142, 2143, 2144, 2139, 2131, 2130, 2129, 2087, 2081, 2073, 2075, 2164, 2163, 2162, 2159, 2158, 2160, 71, 1852, 1836, 64]",101561,4082,2.860839605331421,1426.85384821744
A* MANHATTAN,"(1, 64)","[1, 1363, 1358, 1357, 1356, 1276, 1273, 1277, 1269, 1267, 1268, 1284, 1283, 1282, 1255, 1253, 1260, 1259, 1249, 1246, 963, 964, 962, 1002, 952, 1000, 998, 994, 995, 996, 987, 988, 979, 980, 969, 977, 989, 990, 991, 2465, 2466, 2384, 2382, 2385, 2379, 2380, 2445, 2444, 2405, 2406, 2398, 2395, 2397, 2142, 2143, 2144, 2139, 2131, 2130, 2129, 2087, 2081, 2073, 2075, 2164, 2163, 2162, 2159, 2158, 2160, 71, 1852, 1836, 64]",101561,4082,2.7862865924835205,1465.0323520243344
BFS,"(1, 64)","[1, 1363, 1358, 1357, 1356, 1276, 1273, 1277, 1269, 1241, 1240, 1235, 956, 953, 955, 957, 948, 949, 952, 1000, 998, 994, 995, 996, 987, 986, 979, 980, 969, 977, 989, 990, 991, 2465, 2466, 2384, 2382, 2385, 2379, 2380, 2445, 2444, 2405, 2404, 2398, 2395, 2397, 2140, 2141, 2125, 2126, 2082, 2080, 2081, 2073, 2075, 2164, 2163, 2162, 2159, 2158, 2160, 71, 1852, 1836, 64]",107181,5053,0.30882835388183594,16361.83963190563
Dijkstra,"(1273, 1)","[1273, 1276, 1356, 1357, 1358, 1363, 1]",7874,264346,2.898270606994629,91208.18441246742
A* HAVERSINI,"(1273, 1)","[1273, 1276, 1356, 1357, 1358, 1363, 1]",7874,51,0.0006792545318603516,75082.31098631099
A* EUCLIDIANO,"(1273, 1)","[1273, 1276, 1356, 1357, 1358, 1363, 1]",7874,59,0.0011334419250488281,52053.835927639884
A* MANHATTAN,"(1273, 1)","[1273, 1276, 1356, 1357, 1358, 1363, 1]",7874,59,0.0006773471832275391,87104.51812741993
BFS,"(1273, 1)","[1273, 1276, 1356, 1357, 1358, 1363, 1]",7874,42,0.5764334201812744,72.86184063858062
Dijkstra,"(979, 955)","[979, 986, 987, 996, 995, 994, 998, 1000, 952, 1002, 962, 960, 959, 958, 957, 955]",17320,264346,2.7919983863830566,94679.854146496
A* HAVERSINI,"(979, 955)","[979, 986, 987, 996, 995, 994, 998, 1000, 952, 1002, 962, 960, 959, 958, 957, 955]",17320,175,0.004584312438964844,38173.66340753069
A* EUCLIDIANO,"(979, 955)","[979, 986, 987, 996, 995, 994, 998, 1000, 952, 1002, 962, 960, 959, 958, 957, 955]",17320,199,0.0061130523681640625,32553.29547581903
A* MANHATTAN,"(979, 955)","[979, 986, 987, 996, 995, 994, 998, 1000, 952, 1002, 962, 960, 959, 958, 957, 955]",17320,199,0.005182981491088867,38394.88918533511
BFS,"(979, 955)","[979, 986, 987, 996, 995, 994, 998, 1000, 952, 949, 948, 957, 955]",19714,190,0.22646856307983398,838.9685412231887
Dijkstra,"(1235, 1276)","[1235, 1240, 1241, 1269, 1277, 1273, 1276]",7428,264346,2.715833902359009,97335.11308272042
A* HAVERSINI,"(1235, 1276)","[1235, 1240, 1241, 1269, 1277, 1273, 1276]",7428,23,0.00024962425231933594,92138.48328557784
A* EUCLIDIANO,"(1235, 1276)","[1235, 1240, 1241, 1269, 1277, 1273, 1276]",7428,31,0.0003046989440917969,101739.76838810641
A* MANHATTAN,"(1235, 1276)","[1235, 1240, 1241, 1269, 1277, 1273, 1276]",7428,31,0.00026106834411621094,118742.85296803653
BFS,"(1235, 1276)","[1235, 1240, 1241, 1269, 1277, 1273, 1276]",7428,33,0.4813039302825928,68.56374511761078
Dijkstra,"(2445, 64)","[2445, 2444, 2405, 2406, 2398, 2395, 2397, 2142, 2143, 2144, 2139, 2131, 2130, 2129, 2087, 2081, 2073, 2075, 2164, 2163, 2162, 2159, 2158, 2160, 71, 1852, 1836, 64]",41212,264346,2.7427268028259277,96380.72582644215
A* HAVERSINI,"(2445, 64)","[2445, 2444, 2405, 2406, 2398, 2395, 2397, 2142, 2143, 2144, 2139, 2131, 2130, 2129, 2087, 2081, 2073, 2075, 2164, 2163, 2162, 2159, 2158, 2160, 71, 1852, 1836, 64]",41212,1455,0.24152278900146484,6024.276243312077
A* EUCLIDIANO,"(2445, 64)","[2445, 2444, 2405, 2406, 2398, 2395, 2397, 2142, 2143, 2144, 2139, 2131, 2130, 2129, 2087, 2081, 2073, 2075, 2164, 2163, 2162, 2159, 2158, 2160, 71, 1852, 1836, 64]",41212,1728,0.3259291648864746,5301.765494357907
A* MANHATTAN,"(2445, 64)","[2445, 2444, 2405, 2406, 2398, 2395, 2397, 2142, 2143, 2144, 2139, 2131, 2130, 2129, 2087, 2081, 2073, 2075, 2164, 2163, 2162, 2159, 2158, 2160, 71, 1852, 1836, 64]",41212,1728,0.3292977809906006,5247.530046518363
BFS,"(2445, 64)","[2445, 2444, 2405, 2404, 2398, 2395, 2397, 2140, 2141, 2125, 2126, 2082, 2080, 2081, 2073, 2075, 2164, 2163, 2162, 2159, 2158, 2160, 71, 1852, 1836, 64]",42589,1337,0.23987150192260742,5573.817603524124
Dijkstra,"(977, 2338)","[977, 989, 990, 991, 2369, 2366, 2340, 2338]",14292,264346,3.043006181716919,86870.01741509812
A* HAVERSINI,"(977, 2338)","[977, 989, 990, 991, 2369, 2366, 2340, 2338]",14292,116,0.0021224021911621094,54655.05099977533
A* EUCLIDIANO,"(977, 2338)","[977, 989, 990, 991, 2369, 2366, 2340, 2338]",14292,142,0.0032815933227539062,43271.662888695144
A* MANHATTAN,"(977, 2338)","[977, 989, 990, 991, 2369, 2366, 2340, 2338]",14292,142,0.002617359161376953,54253.15795226817
BFS,"(977, 2338)","[977, 989, 990, 991, 2369, 2366, 2340, 2338]",14292,79,0.22479915618896484,351.42480665538204
Dijkstra,"(1000, 5412)","[1000, 998, 994, 995, 996, 987, 988, 979, 980, 969, 977, 989, 990, 991, 2369, 2366, 2340, 2338, 2339, 2333, 2334, 2329, 2029, 2027, 2019, 2022, 2000, 1996, 1997, 1993, 1992, 1989, 1984, 2001, 1900, 1875, 1874, 1965, 1963, 1964, 1923, 1944, 1945, 1938, 1937, 1939, 1935, 1931, 1934, 1673, 1675, 1674, 1837, 1671, 1828, 1825, 1817, 1815, 1634, 1814, 1813, 1632, 1631, 1742, 1741, 1740, 1739, 1591, 1689, 1585, 1584, 1688, 1579, 1679, 1677, 104, 5680, 5418, 5431, 5425, 5424, 5422, 5413, 5412]",92707,264346,2.8443491458892822,92937.25433884894
A* HAVERSINI,"(1000, 5412)","[1000, 998, 994, 995, 996, 987, 988, 979, 980, 969, 977, 989, 990, 991, 2369, 2366, 2340, 2338, 2339, 2333, 2334, 2329, 2029, 2027, 2019, 2022, 2000, 1996, 1997, 1993, 1992, 1989, 1984, 2001, 1900, 1875, 1874, 1965, 1963, 1964, 1923, 1944, 1945, 1938, 1937, 1939, 1935, 1931, 1934, 1673, 1675, 1674, 1837, 1671, 1828, 1825, 1817, 1815, 1634, 1814, 1813, 1632, 1631, 1742, 1741, 1740, 1739, 1591, 1689, 1585, 1584, 1688, 1579, 1679, 1677, 104, 5680, 5418, 5431, 5425, 5424, 5422, 5413, 5412]",92707,4177,2.806859016418457,1488.1402933196973
A* EUCLIDIANO,"(1000, 5412)","[1000, 998, 994, 995, 996, 987, 988, 979, 980, 969, 977, 989, 990, 991, 2369, 2366, 2340, 2338, 2339, 2333, 2334, 2329, 2029, 2027, 2019, 2022, 2000, 1996, 1997, 1993, 1992, 1989, 1984, 2001, 1900, 1875, 1874, 1965, 1963, 1964, 1923, 1944, 1945, 1938, 1937, 1939, 1935, 1931, 1934, 1673, 1675, 1674, 1837, 1671, 1828, 1825, 1817, 1815, 1634, 1814, 1813, 1632, 1631, 1742, 1741, 1740, 1739, 1591, 1689, 1585, 1584, 1688, 1579, 1679, 1677, 104, 5680, 5418, 5431, 5425, 5424, 5422, 5413, 5412]",92707,4329,3.2185449600219727,1345.017718804974
A* MANHATTAN,"(1000, 5412)","[1000, 998, 994, 995, 996, 987, 988, 979, 980, 969, 977, 989, 990, 991, 2369, 2366, 2340, 2338, 2339, 2333, 2334, 2329, 2029, 2027, 2019, 2022, 2000, 1996, 1997, 1993, 1992, 1989, 1984, 2001, 1900, 1875, 1874, 1965, 1963, 1964, 1923, 1944, 1945, 1938, 1937, 1939, 1935, 1931, 1934, 1673, 1675, 1674, 1837, 1671, 1828, 1825, 1817, 1815, 1634, 1814, 1813, 1632, 1631, 1742, 1741, 1740, 1739, 1591, 1689, 1585, 1584, 1688, 1579, 1679, 1677, 104, 5680, 5418, 5431, 5425, 5424, 5422, 5413, 5412]",92707,4329,2.9713709354400635,1456.90325915464
BFS,"(1000, 5412)","[1000, 952, 949, 948, 944, 928, 929, 927, 925, 924, 906, 901, 755, 677, 663, 660, 659, 366, 365, 364, 349, 347, 345, 342, 320, 343, 297, 294, 295, 196, 202, 181, 182, 184, 215, 216, 217, 96, 98, 221, 232, 222, 237, 236, 4814, 4808, 5185, 103, 102, 1540, 1542, 1541, 1563, 1562, 1561, 1575, 1574, 1576, 5250, 5248, 5410, 5409, 5412]",169440,5567,0.4543192386627197,12253.498259035567
Dijkstra,"(979, 1585)","[979, 980, 969, 977, 989, 990, 991, 2369, 2366, 2340, 2338, 2339, 2333, 2334, 2329, 2029, 2027, 2019, 2022, 2000, 1996, 1997, 1993, 1992, 1989, 1984, 2001, 1900, 1875, 1874, 1965, 1963, 1964, 1923, 1944, 1945, 1938, 1937, 1939, 1935, 1931, 1934, 1673, 1675, 1674, 1837, 1671, 1828, 1825, 1817, 1815, 1634, 1814, 1813, 1632, 1631, 1742, 1741, 1740, 1739, 1591, 1689, 1585]",73497,264346,2.8452985286712646,92906.24422578527
A* HAVERSINI,"(979, 1585)","[979, 980, 969, 977, 989, 990, 991, 2369, 2366, 2340, 2338, 2339, 2333, 2334, 2329, 2029, 2027, 2019, 2022, 2000, 1996, 1997, 1993, 1992, 1989, 1984, 2001, 1900, 1875, 1874, 1965, 1963, 1964, 1923, 1944, 1945, 1938, 1937, 1939, 1935, 1931, 1934, 1673, 1675, 1674, 1837, 1671, 1828, 1825, 1817, 1815, 1634, 1814, 1813, 1632, 1631, 1742, 1741, 1740, 1739, 1591, 1689, 1585]",73497,3405,1.7910397052764893,1901.1303825195532
A* EUCLIDIANO,"(979, 1585)","[979, 980, 969, 977, 989, 990, 991, 2369, 2366, 2340, 2338, 2339, 2333, 2334, 2329, 2029, 2027, 2019, 2022, 2000, 1996, 1997, 1993, 1992, 1989, 1984, 2001, 1900, 1875, 1874, 1965, 1963, 1964, 1923, 1944, 1945, 1938, 1937, 1939, 1935, 1931, 1934, 1673, 1675, 1674, 1837, 1671, 1828, 1825, 1817, 1815, 1634, 1814, 1813, 1632, 1631, 1742, 1741, 1740, 1739, 1591, 1689, 1585]",73497,3665,2.0381112098693848,1798.2335714815467
A* MANHATTAN,"(979, 1585)","[979, 980, 969, 977, 989, 990, 991, 2369, 2366, 2340, 2338, 2339, 2333, 2334, 2329, 2029, 2027, 2019, 2022, 2000, 1996, 1997, 1993, 1992, 1989, 1984, 2001, 1900, 1875, 1874, 1965, 1963, 1964, 1923, 1944, 1945, 1938, 1937, 1939, 1935, 1931, 1934, 1673, 1675, 1674, 1837, 1671, 1828, 1825, 1817, 1815, 1634, 1814, 1813, 1632, 1631, 1742, 1741, 1740, 1739, 1591, 1689, 1585]",73497,3665,2.0226237773895264,1812.0028257208494
BFS,"(979, 1585)","[979, 980, 969, 977, 881, 882, 874, 869, 858, 856, 854, 852, 850, 849, 476, 474, 475, 471, 470, 469, 436, 435, 404, 403, 402, 394, 393, 391, 284, 283, 282, 280, 279, 271, 278, 276, 255, 274, 273, 251, 252, 1549, 1552, 1556, 1557, 1558, 1586, 1589, 1591, 1689, 1585]",108814,4548,0.24827980995178223,18318.042054580495
Dijkstra,"(990, 2340)","[990, 991, 2369, 2366, 2340]",11942,264346,2.9134719371795654,90732.29662061016
A* HAVERSINI,"(990, 2340)","[990, 991, 2369, 2366, 2340]",11942,77,0.0017824172973632812,43199.760299625465
A* EUCLIDIANO,"(990, 2340)","[990, 991, 2369, 2366, 2340]",11942,95,0.0020384788513183594,46603.37777777778
A* MANHATTAN,"(990, 2340)","[990, 991, 2369, 2366, 2340]",11942,95,0.0019893646240234375,47753.94055608821
BFS,"(990, 2340)","[990, 991, 2369, 2366, 2340]",11942,20,0.4368891716003418,45.77820028530172
Dijkstra,"(962, 1675)","[962, 1002, 952, 1000, 998, 994, 995, 996, 987, 988, 979, 980, 969, 977, 989, 990, 991, 2369, 2366, 2340, 2338, 2339, 2333, 2334, 2329, 2029, 2027, 2019, 2022, 2000, 1996, 1997, 1993, 1992, 1989, 1984, 2001, 1900, 1875, 1874, 1965, 1963, 1964, 1923, 1944, 1945, 1938, 1937, 1939, 1935, 1931, 1934, 1673, 1675]",68925,264346,2.678250312805176,98701.00592768207
A* HAVERSINI,"(962, 1675)","[962, 1002, 952, 1000, 998, 994, 995, 996, 987, 988, 979, 980, 969, 977, 989, 990, 991, 2369, 2366, 2340, 2338, 2339, 2333, 2334, 2329, 2029, 2027, 2019, 2022, 2000, 1996, 1997, 1993, 1992, 1989, 1984, 2001, 1900, 1875, 1874, 1965, 1963, 1964, 1923, 1944, 1945, 1938, 1937, 1939, 1935, 1931, 1934, 1673, 1675]",68925,3171,1.2066333293914795,2627.9731570146296
A* EUCLIDIANO,"(962, 1675)","[962, 1002, 952, 1000, 998, 994, 995, 996, 987, 988, 979, 980, 969, 977, 989, 990, 991, 2369, 2366, 2340, 2338, 2339, 2333, 2334, 2329, 2029, 2027, 2019, 2022, 2000, 1996, 1997, 1993, 1992, 1989, 1984, 2001, 1900, 1875, 1874, 1965, 1963, 1964, 1923, 1944, 1945, 1938, 1937, 1939, 1935, 1931, 1934, 1673, 1675]",68925,3402,1.364980936050415,2492.3425010196247
A* MANHATTAN,"(962, 1675)","[962, 1002, 952, 1000, 998, 994, 995, 996, 987, 988, 979, 980, 969, 977, 989, 990, 991, 2369, 2366, 2340, 2338, 2339, 2333, 2334, 2329, 2029, 2027, 2019, 2022, 2000, 1996, 1997, 1993, 1992, 1989, 1984, 2001, 1900, 1875, 1874, 1965, 1963, 1964, 1923, 1944, 1945, 1938, 1937, 1939, 1935, 1931, 1934, 1673, 1675]",68925,3402,1.403503179550171,2423.9346583385413
BFS,"(962, 1675)","[962, 1002, 1001, 1008, 1010, 1024, 1309, 1310, 1019, 1311, 1031, 1016, 1012, 989, 990, 991, 2465, 2466, 2384, 2382, 2385, 2379, 2380, 2445, 2444, 2405, 2404, 2398, 2395, 2397, 2140, 2141, 2125, 2126, 2082, 2080, 2081, 2073, 2075, 2164, 2163, 2162, 2159, 2157, 2154, 2153, 1676, 1675]",79306,3816,0.23430418968200684,16286.520549116096
Dijkstra,"(1255, 1729)","[1255, 1253, 1260, 1259, 1249, 1246, 963, 964, 962, 1002, 952, 1000, 998, 994, 995, 996, 987, 988, 979, 980, 969, 977, 989, 990, 991, 2369, 2366, 2340, 2338, 2339, 2333, 2334, 2329, 2029, 2027, 2019, 2022, 2000, 1996, 1997, 1993, 1992, 1989, 1984, 2001, 1900, 1875, 1874, 1965, 1963, 1964, 1923, 1944, 1945, 1938, 1937, 1939, 1935, 1931, 1934, 1673, 1675, 1674, 1837, 1671, 1828, 1825, 1817, 1815, 1634, 1814, 1813, 1632, 1631, 1742, 1741, 1740, 1739, 1591, 1689, 1585, 1584, 1688, 1579, 1679, 1677, 104, 5680, 5418, 5431, 5425, 5424, 5422, 5413, 5412, 5411, 66, 5392, 5391, 5388, 5291, 5278, 5289, 5281, 5269, 5267, 5255, 5251, 5031, 4926, 4924, 4922, 4921, 4919, 4903, 4902, 4916, 4890, 4887, 4888, 1729]",152826,264346,2.64534330368042,99928.8068328296
A* HAVERSINI,"(1255, 1729)","[1255, 1253, 1260, 1259, 1249, 1246, 963, 964, 962, 1002, 952, 1000, 998, 994, 995, 996, 987, 988, 979, 980, 969, 977, 989, 990, 991, 2369, 2366, 2340, 2338, 2339, 2333, 2334, 2329, 2029, 2027, 2019, 2022, 2000, 1996, 1997, 1993, 1992, 1989, 1984, 2001, 1900, 1875, 1874, 1965, 1963, 1964, 1923, 1944, 1945, 1938, 1937, 1939, 1935, 1931, 1934, 1673, 1675, 1674, 1837, 1671, 1828, 1825, 1817, 1815, 1634, 1814, 1813, 1632, 1631, 1742, 1741, 1740, 1739, 1591, 1689, 1585, 1584, 1688, 1579, 1679, 1677, 104, 5680, 5418, 5431, 5425, 5424, 5422, 5413, 5412, 5411, 66, 5392, 5391, 5388, 5291, 5278, 5289, 5281, 5269, 5267, 5255, 5251, 5031, 4926, 4924, 4922, 4921, 4919, 4903, 4902, 4916, 4890, 4887, 4888, 1729]",152826,6339,7.235269784927368,876.124897679076
A* EUCLIDIANO,"(1255, 1729)","[1255, 1253, 1260, 1259, 1249, 1246, 963, 964, 962, 1002, 952, 1000, 998, 994, 995, 996, 987, 988, 979, 980, 969, 977, 989, 990, 991, 2369, 2366, 2340, 2338, 2339, 2333, 2334, 2329, 2029, 2027, 2019, 2022, 2000, 1996, 1997, 1993, 1992, 1989, 1984, 2001, 1900, 1875, 1874, 1965, 1963, 1964, 1923, 1944, 1945, 1938, 1937, 1939, 1935, 1931, 1934, 1673, 1675, 1674, 1837, 1671, 1828, 1825, 1817, 1815, 1634, 1814, 1813, 1632, 1631, 1742, 1741, 1740, 1739, 1591, 1689, 1585, 1584, 1688, 1579, 1679, 1677, 104, 5680, 5418, 5431, 5425, 5424, 5422, 5413, 5412, 5411, 66, 5392, 5391, 5388, 5291, 5278, 5289, 5281, 5269, 5267, 5255, 5251, 5031, 4926, 4924, 4922, 4921, 4919, 4903, 4902, 4916, 4890, 4887, 4888, 1729]",152826,6454,7.328242540359497,880.7022917780489
A* MANHATTAN,"(1255, 1729)","[1255, 1253, 1260, 1259, 1249, 1246, 963, 964, 962, 1002, 952, 1000, 998, 994, 995, 996, 987, 988, 979, 980, 969, 977, 989, 990, 991, 2369, 2366, 2340, 2338, 2339, 2333, 2334, 2329, 2029, 2027, 2019, 2022, 2000, 1996, 1997, 1993, 1992, 1989, 1984, 2001, 1900, 1875, 1874, 1965, 1963, 1964, 1923, 1944, 1945, 1938, 1937, 1939, 1935, 1931, 1934, 1673, 1675, 1674, 1837, 1671, 1828, 1825, 1817, 1815, 1634, 1814, 1813, 1632, 1631, 1742, 1741, 1740, 1739, 1591, 1689, 1585, 1584, 1688, 1579, 1679, 1677, 104, 5680, 5418, 5431, 5425, 5424, 5422, 5413, 5412, 5411, 66, 5392, 5391, 5388, 5291, 5278, 5289, 5281, 5269, 5267, 5255, 5251, 5031, 4926, 4924, 4922, 4921, 4919, 4903, 4902, 4916, 4890, 4887, 4888, 1729]",152826,6454,7.612396240234375,847.8276479997435
BFS,"(1255, 1729)","[1255, 1253, 1260, 1259, 1249, 1246, 963, 1243, 958, 957, 948, 944, 928, 929, 927, 925, 924, 906, 901, 755, 677, 663, 660, 659, 366, 365, 364, 349, 347, 345, 342, 320, 343, 297, 294, 295, 196, 202, 181, 4503, 4502, 4739, 4735, 4733, 4730, 4725, 4724, 4723, 4701, 4702, 4703, 4709, 4754, 4755, 4757, 4763, 4768, 4775, 4776, 4780, 5140, 4906, 4908, 4912, 4910, 4911, 4917, 4916, 4890, 4887, 4888, 1729]",188782,5940,0.23479700088500977,25298.44920339964
Dijkstra,"(987, 1584)","[987, 988, 979, 980, 969, 977, 989, 990, 991, 2369, 2366, 2340, 2338, 2339, 2333, 2334, 2329, 2029, 2027, 2019, 2022, 2000, 1996, 1997, 1993, 1992, 1989, 1984, 2001, 1900, 1875, 1874, 1965, 1963, 1964, 1923, 1944, 1945, 1938, 1937, 1939, 1935, 1931, 1934, 1673, 1675, 1674, 1837, 1671, 1828, 1825, 1817, 1815, 1634, 1814, 1813, 1632, 1631, 1742, 1741, 1740, 1739, 1591, 1689, 1585, 1584]",76589,264346,2.667867660522461,99085.12476523363
A* HAVERSINI,"(987, 1584)","[987, 988, 979, 980, 969, 977, 989, 990, 991, 2369, 2366, 2340, 2338, 2339, 2333, 2334, 2329, 2029, 2027, 2019, 2022, 2000, 1996, 1997, 1993, 1992, 1989, 1984, 2001, 1900, 1875, 1874, 1965, 1963, 1964, 1923, 1944, 1945, 1938, 1937, 1939, 1935, 1931, 1934, 1673, 1675, 1674, 1837, 1671, 1828, 1825, 1817, 1815, 1634, 1814, 1813, 1632, 1631, 1742, 1741, 1740, 1739, 1591, 1689, 1585, 1584]",76589,3547,1.5585627555847168,2275.814680730833
A* EUCLIDIANO,"(987, 1584)","[987, 988, 979, 980, 969, 977, 989, 990, 991, 2369, 2366, 2340, 2338, 2339, 2333, 2334, 2329, 2029, 2027, 2019, 2022, 2000, 1996, 1997, 1993, 1992, 1989, 1984, 2001, 1900, 1875, 1874, 1965, 1963, 1964, 1923, 1944, 1945, 1938, 1937, 1939, 1935, 1931, 1934, 1673, 1675, 1674, 1837, 1671, 1828, 1825, 1817, 1815, 1634, 1814, 1813, 1632, 1631, 1742, 1741, 1740, 1739, 1591, 1689, 1585, 1584]",76589,3744,1.9731559753417969,1897.4678366982373
A* MANHATTAN,"(987, 1584)","[987, 988, 979, 980, 969, 977, 989, 990, 991, 2369, 2366, 2340, 2338, 2339, 2333, 2334, 2329, 2029, 2027, 2019, 2022, 2000, 1996, 1997, 1993, 1992, 1989, 1984, 2001, 1900, 1875, 1874, 1965, 1963, 1964, 1923, 1944, 1945, 1938, 1937, 1939, 1935, 1931, 1934, 1673, 1675, 1674, 1837, 1671, 1828, 1825, 1817, 1815, 1634, 1814, 1813, 1632, 1631, 1742, 1741, 1740, 1739, 1591, 1689, 1585, 1584]",76589,3744,1.8385884761810303,2036.34475495938
BFS,"(987, 1584)","[987, 986, 979, 980, 969, 977, 881, 882, 874, 869, 858, 856, 854, 852, 850, 849, 476, 474, 475, 471, 470, 469, 436, 435, 404, 403, 402, 394, 393, 391, 284, 283, 282, 280, 279, 271, 278, 276, 255, 274, 273, 251, 252, 1549, 1552, 1556, 1557, 1558, 1586, 1589, 1591, 1689, 1585, 1584]",111906,4735,0.3668355941772461,12907.68964396667
Dijkstra,"(963, 1817)","[963, 964, 962, 1002, 952, 1000, 998, 994, 995, 996, 987, 988, 979, 980, 969, 977, 989, 990, 991, 2369, 2366, 2340, 2338, 2339, 2333, 2334, 2329, 2029, 2027, 2019, 2022, 2000, 1996, 1997, 1993, 1992, 1989, 1984, 2001, 1900, 1875, 1874, 1965, 1963, 1964, 1923, 1944, 1945, 1938, 1937, 1939, 1935, 1931, 1934, 1673, 1675, 1674, 1837, 1671, 1828, 1825, 1817]",75699,264346,2.6008317470550537,101639.02386200933
A* HAVERSINI,"(963, 1817)","[963, 964, 962, 1002, 952, 1000, 998, 994, 995, 996, 987, 988, 979, 980, 969, 977, 989, 990, 991, 2369, 2366, 2340, 2338, 2339, 2333, 2334, 2329, 2029, 2027, 2019, 2022, 2000, 1996, 1997, 1993, 1992, 1989, 1984, 2001, 1900, 1875, 1874, 1965, 1963, 1964, 1923, 1944, 1945, 1938, 1937, 1939, 1935, 1931, 1934, 1673, 1675, 1674, 1837, 1671, 1828, 1825, 1817]",75699,3472,1.5086569786071777,2301.3846415938897
A* EUCLIDIANO,"(963, 1817)","[963, 964, 962, 1002, 952, 1000, 998, 994, 995, 996, 987, 988, 979, 980, 969, 977, 989, 990, 991, 2369, 2366, 2340, 2338, 2339, 2333, 2334, 2329, 2029, 2027, 2019, 2022, 2000, 1996, 1997, 1993, 1992, 1989, 1984, 2001, 1900, 1875, 1874, 1965, 1963, 1964, 1923, 1944, 1945, 1938, 1937, 1939, 1935, 1931, 1934, 1673, 1675, 1674, 1837, 1671, 1828, 1825, 1817]",75699,3674,2.096726417541504,1752.2553105940797
A* MANHATTAN,"(963, 1817)","[963, 964, 962, 1002, 952, 1000, 998, 994, 995, 996, 987, 988, 979, 980, 969, 977, 989, 990, 991, 2369, 2366, 2340, 2338, 2339, 2333, 2334, 2329, 2029, 2027, 2019, 2022, 2000, 1996, 1997, 1993, 1992, 1989, 1984, 2001, 1900, 1875, 1874, 1965, 1963, 1964, 1923, 1944, 1945, 1938, 1937, 1939, 1935, 1931, 1934, 1673, 1675, 1674, 1837, 1671, 1828, 1825, 1817]",75699,3674,1.5189721584320068,2418.740843671927
BFS,"(963, 1817)","[963, 964, 962, 1002, 1001, 1008, 1010, 1024, 1309, 1310, 1019, 1311, 1031, 1016, 1012, 989, 990, 991, 2465, 2466, 2384, 2382, 2385, 2379, 2380, 2445, 2444, 2405, 2404, 2398, 2395, 2397, 2140, 2141, 2125, 2126, 2082, 2080, 2081, 2073, 2075, 2164, 2163, 2162, 2159, 2157, 2154, 2153, 1676, 1675, 1674, 1837, 1671, 1828, 1825, 1817]",86080,4708,0.2520413398742676,18679.47536840034
Dijkstra,"(991, 1688)","[991, 2369, 2366, 2340, 2338, 2339, 2333, 2334, 2329, 2029, 2027, 2019, 2022, 2000, 1996, 1997, 1993, 1992, 1989, 1984, 2001, 1900, 1875, 1874, 1965, 1963, 1964, 1923, 1944, 1945, 1938, 1937, 1939, 1935, 1931, 1934, 1673, 1675, 1674, 1837, 1671, 1828, 1825, 1817, 1815, 1634, 1814, 1813, 1632, 1631, 1742, 1741, 1740, 1739, 1591, 1689, 1585, 1584, 1688]",65833,264346,2.8859071731567383,91598.92683271796
A* HAVERSINI,"(991, 1688)","[991, 2369, 2366, 2340, 2338, 2339, 2333, 2334, 2329, 2029, 2027, 2019, 2022, 2000, 1996, 1997, 1993, 1992, 1989, 1984, 2001, 1900, 1875, 1874, 1965, 1963, 1964, 1923, 1944, 1945, 1938, 1937, 1939, 1935, 1931, 1934, 1673, 1675, 1674, 1837, 1671, 1828, 1825, 1817, 1815, 1634, 1814, 1813, 1632, 1631, 1742, 1741, 1740, 1739, 1591, 1689, 1585, 1584, 1688]",65833,2948,1.172196865081787,2514.935918886211
A* EUCLIDIANO,"(991, 1688)","[991, 2369, 2366, 2340, 2338, 2339, 2333, 2334, 2329, 2029, 2027, 2019, 2022, 2000, 1996, 1997, 1993, 1992, 1989, 1984, 2001, 1900, 1875, 1874, 1965, 1963, 1964, 1923, 1944, 1945, 1938, 1937, 1939, 1935, 1931, 1934, 1673, 1675, 1674, 1837, 1671, 1828, 1825, 1817, 1815, 1634, 1814, 1813, 1632, 1631, 1742, 1741, 1740, 1739, 1591, 1689, 1585, 1584, 1688]",65833,3398,1.2818517684936523,2650.8525271943927
A* MANHATTAN,"(991, 1688)","[991, 2369, 2366, 2340, 2338, 2339, 2333, 2334, 2329, 2029, 2027, 2019, 2022, 2000, 1996, 1997, 1993, 1992, 1989, 1984, 2001, 1900, 1875, 1874, 1965, 1963, 1964, 1923, 1944, 1945, 1938, 1937, 1939, 1935, 1931, 1934, 1673, 1675, 1674, 1837, 1671, 1828, 1825, 1817, 1815, 1634, 1814, 1813, 1632, 1631, 1742, 1741, 1740, 1739, 1591, 1689, 1585, 1584, 1688]",65833,3398,1.5152935981750488,2242.4697128611892
BFS,"(991, 1688)","[991, 2465, 2466, 2384, 2382, 2385, 2379, 2380, 2445, 2444, 2405, 2404, 2398, 2395, 2397, 2140, 2141, 2125, 2126, 2082, 2080, 2081, 2073, 2075, 2164, 2163, 2162, 2159, 2158, 2160, 71, 1852, 1836, 1833, 1829, 1818, 1816, 1815, 1634, 1814, 1813, 1632, 1631, 1742, 1741, 1740, 1739, 1591, 1689, 1585, 1584, 1688]",77897,4765,0.21433639526367188,22231.408688842614
Dijkstra,"(1259, 1874)","[1259, 1249, 1246, 963, 964, 962, 1002, 952, 1000, 998, 994, 995, 996, 987, 988, 979, 980, 969, 977, 989, 990, 991, 2369, 2366, 2340, 2338, 2339, 2333, 2334, 2329, 2029, 2027, 2019, 2022, 2000, 1996, 1997, 1993, 1992, 1989, 1984, 2001, 1900, 1875, 1874]",60879,264346,2.7636301517486572,95651.72815643871
A* HAVERSINI,"(1259, 1874)","[1259, 1249, 1246, 963, 964, 962, 1002, 952, 1000, 998, 994, 995, 996, 987, 988, 979, 980, 969, 977, 989, 990, 991, 2369, 2366, 2340, 2338, 2339, 2333, 2334, 2329, 2029, 2027, 2019, 2022, 2000, 1996, 1997, 1993, 1992, 1989, 1984, 2001, 1900, 1875, 1874]",60879,2500,0.7963657379150391,3139.261122088498
A* EUCLIDIANO,"(1259, 1874)","[1259, 1249, 1246, 963, 964, 962, 1002, 952, 1000, 998, 994, 995, 996, 987, 988, 979, 980, 969, 977, 989, 990, 991, 2369, 2366, 2340, 2338, 2339, 2333, 2334, 2329, 2029, 2027, 2019, 2022, 2000, 1996, 1997, 1993, 1992, 1989, 1984, 2001, 1900, 1875, 1874]",60879,2817,1.1032986640930176,2553.2524344310295
A* MANHATTAN,"(1259, 1874)","[1259, 1249, 1246, 963, 964, 962, 1002, 952, 1000, 998, 994, 995, 996, 987, 988, 979, 980, 969, 977, 989, 990, 991, 2369, 2366, 2340, 2338, 2339, 2333, 2334, 2329, 2029, 2027, 2019, 2022, 2000, 1996, 1997, 1993, 1992, 1989, 1984, 2001, 1900, 1875, 1874]",60879,2817,0.9964957237243652,2826.906260542262
BFS,"(1259, 1874)","[1259, 1249, 1246, 963, 964, 962, 1002, 952, 1000, 998, 994, 995, 996, 987, 986, 979, 980, 969, 977, 881, 887, 886, 877, 865, 862, 863, 860, 490, 489, 486, 488, 2019, 2022, 2000, 1996, 1997, 1993, 1992, 1989, 1984, 2001, 1900, 1875, 1874]",65349,2815,0.44695305824279785,6298.200556155072
Dijkstra,"(1253, 1813)","[1253, 1260, 1259, 1249, 1246, 963, 964, 962, 1002, 952, 1000, 998, 994, 995, 996, 987, 988, 979, 980, 969, 977, 989, 990, 991, 2369, 2366, 2340, 2338, 2339, 2333, 2334, 2329, 2029, 2027, 2019, 2022, 2000, 1996, 1997, 1993, 1992, 1989, 1984, 2001, 1900, 1875, 1874, 1965, 1963, 1964, 1923, 1944, 1945, 1938, 1937, 1939, 1935, 1931, 1934, 1673, 1675, 1674, 1837, 1671, 1828, 1825, 1817, 1815, 1634, 1814, 1813]",83840,264346,2.6718783378601074,98936.39102284622
A* HAVERSINI,"(1253, 1813)","[1253, 1260, 1259, 1249, 1246, 963, 964, 962, 1002, 952, 1000, 998, 994, 995, 996, 987, 988, 979, 980, 969, 977, 989, 990, 991, 2369, 2366, 2340, 2338, 2339, 2333, 2334, 2329, 2029, 2027, 2019, 2022, 2000, 1996, 1997, 1993, 1992, 1989, 1984, 2001, 1900, 1875, 1874, 1965, 1963, 1964, 1923, 1944, 1945, 1938, 1937, 1939, 1935, 1931, 1934, 1673, 1675, 1674, 1837, 1671, 1828, 1825, 1817, 1815, 1634, 1814, 1813]",83840,3656,1.7911319732666016,2041.1672922862963
A* EUCLIDIANO,"(1253, 1813)","[1253, 1260, 1259, 1249, 1246, 963, 964, 962, 1002, 952, 1000, 998, 994, 995, 996, 987, 988, 979, 980, 969, 977, 989, 990, 991, 2369, 2366, 2340, 2338, 2339, 2333, 2334, 2329, 2029, 2027, 2019, 2022, 2000, 1996, 1997, 1993, 1992, 1989, 1984, 2001, 1900, 1875, 1874, 1965, 1963, 1964, 1923, 1944, 1945, 1938, 1937, 1939, 1935, 1931, 1934, 1673, 1675, 1674, 1837, 1671, 1828, 1825, 1817, 1815, 1634, 1814, 1813]",83840,3814,2.1801371574401855,1749.4312167396934
A* MANHATTAN,"(1253, 1813)","[1253, 1260, 1259, 1249, 1246, 963, 964, 962, 1002, 952, 1000, 998, 994, 995, 996, 987, 988, 979, 980, 969, 977, 989, 990, 991, 2369, 2366, 2340, 2338, 2339, 2333, 2334, 2329, 2029, 2027, 2019, 2022, 2000, 1996, 1997, 1993, 1992, 1989, 1984, 2001, 1900, 1875, 1874, 1965, 1963, 1964, 1923, 1944, 1945, 1938, 1937, 1939, 1935, 1931, 1934, 1673, 1675, 1674, 1837, 1671, 1828, 1825, 1817, 1815, 1634, 1814, 1813]",83840,3814,2.0038154125213623,1903.368931173614
BFS,"(1253, 1813)","[1253, 1260, 1259, 1249, 1246, 963, 1243, 958, 957, 948, 944, 928, 929, 927, 925, 924, 906, 901, 755, 677, 663, 660, 659, 366, 365, 364, 349, 347, 345, 342, 320, 343, 297, 294, 295, 196, 202, 181, 182, 184, 215, 216, 217, 96, 98, 221, 232, 222, 237, 14, 251, 252, 1549, 1552, 1556, 1557, 1558, 1550, 1559, 1560, 1624, 1632, 1813]",155151,5008,0.2336902618408203,21430.075693146482
Dijkstra,"(1259, 2022)","[1259, 1249, 1246, 963, 964, 962, 1002, 952, 1000, 998, 994, 995, 996, 987, 988, 979, 980, 969, 977, 989, 990, 991, 2369, 2366, 2340, 2338, 2339, 2333, 2334, 2329, 2029, 2027, 2019, 2022]",44302,264346,2.737004280090332,96582.23844329375
A* HAVERSINI,"(1259, 2022)","[1259, 1249, 1246, 963, 964, 962, 1002, 952, 1000, 998, 994, 995, 996, 987, 988, 979, 980, 969, 977, 989, 990, 991, 2369, 2366, 2340, 2338, 2339, 2333, 2334, 2329, 2029, 2027, 2019, 2022]",44302,1356,0.20366764068603516,6657.905965976934
A* EUCLIDIANO,"(1259, 2022)","[1259, 1249, 1246, 963, 964, 962, 1002, 952, 1000, 998, 994, 995, 996, 987, 988, 979, 980, 969, 977, 989, 990, 991, 2369, 2366, 2340, 2338, 2339, 2333, 2334, 2329, 2029, 2027, 2019, 2022]",44302,1659,0.3024270534515381,5485.620353953697
A* MANHATTAN,"(1259, 2022)","[1259, 1249, 1246, 963, 964, 962, 1002, 952, 1000, 998, 994, 995, 996, 987, 988, 979, 980, 969, 977, 989, 990, 991, 2369, 2366, 2340, 2338, 2339, 2333, 2334, 2329, 2029, 2027, 2019, 2022]",44302,1659,0.315593957901001,5256.754631913497
BFS,"(1259, 2022)","[1259, 1249, 1246, 963, 964, 962, 1002, 952, 1000, 998, 994, 995, 996, 987, 986, 979, 980, 969, 977, 881, 887, 886, 877, 865, 862, 863, 860, 490, 489, 486, 488, 2019, 2022]",48772,1443,0.385509729385376,3743.096191892736
Dijkstra,"(1273, 4926)","[1273, 1277, 1269, 1267, 1268, 1284, 1283, 1282, 1255, 1253, 1260, 1259, 1249, 1246, 963, 964, 962, 1002, 952, 1000, 998, 994, 995, 996, 987, 988, 979, 980, 969, 977, 989, 990, 991, 2369, 2366, 2340, 2338, 2339, 2333, 2334, 2329, 2029, 2027, 2019, 2022, 2000, 1996, 1997, 1993, 1992, 1989, 1984, 2001, 1900, 1875, 1874, 1965, 1963, 1964, 1923, 1944, 1945, 1938, 1937, 1939, 1935, 1931, 1934, 1673, 1675, 1674, 1837, 1671, 1828, 1825, 1817, 1815, 1634, 1814, 1813, 1632, 1631, 1742, 1741, 1740, 1739, 1591, 1689, 1585, 1584, 1688, 1579, 1679, 1677, 104, 5680, 5418, 5431, 5425, 5424, 5422, 5413, 5412, 5411, 66, 5392, 5391, 5388, 5291, 5278, 5289, 5281, 5269, 5267, 5255, 5251, 5031, 4926]",139061,264346,3.0070488452911377,87908.7815330803
A* HAVERSINI,"(1273, 4926)","[1273, 1277, 1269, 1267, 1268, 1284, 1283, 1282, 1255, 1253, 1260, 1259, 1249, 1246, 963, 964, 962, 1002, 952, 1000, 998, 994, 995, 996, 987, 988, 979, 980, 969, 977, 989, 990, 991, 2369, 2366, 2340, 2338, 2339, 2333, 2334, 2329, 2029, 2027, 2019, 2022, 2000, 1996, 1997, 1993, 1992, 1989, 1984, 2001, 1900, 1875, 1874, 1965, 1963, 1964, 1923, 1944, 1945, 1938, 1937, 1939, 1935, 1931, 1934, 1673, 1675, 1674, 1837, 1671, 1828, 1825, 1817, 1815, 1634, 1814, 1813, 1632, 1631, 1742, 1741, 1740, 1739, 1591, 1689, 1585, 1584, 1688, 1579, 1679, 1677, 104, 5680, 5418, 5431, 5425, 5424, 5422, 5413, 5412, 5411, 66, 5392, 5391, 5388, 5291, 5278, 5289, 5281, 5269, 5267, 5255, 5251, 5031, 4926]",139061,5469,5.579030513763428,980.2778433471581
A* EUCLIDIANO,"(1273, 4926)","[1273, 1277, 1269, 1267, 1268, 1284, 1283, 1282, 1255, 1253, 1260, 1259, 1249, 1246, 963, 964, 962, 1002, 952, 1000, 998, 994, 995, 996, 987, 988, 979, 980, 969, 977, 989, 990, 991, 2369, 2366, 2340, 2338, 2339, 2333, 2334, 2329, 2029, 2027, 2019, 2022, 2000, 1996, 1997, 1993, 1992, 1989, 1984, 2001, 1900, 1875, 1874, 1965, 1963, 1964, 1923, 1944, 1945, 1938, 1937, 1939, 1935, 1931, 1934, 1673, 1675, 1674, 1837, 1671, 1828, 1825, 1817, 1815, 1634, 1814, 1813, 1632, 1631, 1742, 1741, 1740, 1739, 1591, 1689, 1585, 1584, 1688, 1579, 1679, 1677, 104, 5680, 5418, 5431, 5425, 5424, 5422, 5413, 5412, 5411, 66, 5392, 5391, 5388, 5291, 5278, 5289, 5281, 5269, 5267, 5255, 5251, 5031, 4926]",139061,5579,5.509028434753418,1012.7012532382607
A* MANHATTAN,"(1273, 4926)","[1273, 1277, 1269, 1267, 1268, 1284, 1283, 1282, 1255, 1253, 1260, 1259, 1249, 1246, 963, 964, 962, 1002, 952, 1000, 998, 994, 995, 996, 987, 988, 979, 980, 969, 977, 989, 990, 991, 2369, 2366, 2340, 2338, 2339, 2333, 2334, 2329, 2029, 2027, 2019, 2022, 2000, 1996, 1997, 1993, 1992, 1989, 1984, 2001, 1900, 1875, 1874, 1965, 1963, 1964, 1923, 1944, 1945, 1938, 1937, 1939, 1935, 1931, 1934, 1673, 1675, 1674, 1837, 1671, 1828, 1825, 1817, 1815, 1634, 1814, 1813, 1632, 1631, 1742, 1741, 1740, 1739, 1591, 1689, 1585, 1584, 1688, 1579, 1679, 1677, 104, 5680, 5418, 5431, 5425, 5424, 5422, 5413, 5412, 5411, 66, 5392, 5391, 5388, 5291, 5278, 5289, 5281, 5269, 5267, 5255, 5251, 5031, 4926]",139061,5579,5.511507749557495,1012.2456963700947
BFS,"(1273, 4926)","[1273, 1271, 1270, 1265, 1229, 1228, 1227, 941, 936, 935, 923, 930, 919, 927, 925, 924, 906, 901, 755, 677, 663, 660, 659, 366, 365, 364, 349, 347, 345, 342, 320, 343, 297, 294, 295, 196, 202, 181, 4503, 4502, 4739, 4735, 4733, 4730, 4725, 4724, 4723, 4701, 4702, 4703, 4709, 4754, 4755, 4757, 4763, 4768, 4775, 4776, 4780, 5140, 4906, 4908, 4912, 4910, 4911, 4917, 4916, 4902, 4903, 4919, 4921, 4922, 4924, 4926]",202311,6454,0.248443603515625,25977.726569217542
Dijkstra,"(990, 2340)","[990, 991, 2369, 2366, 2340]",11942,264346,2.9647231101989746,89163.80726774133
A* HAVERSINI,"(990, 2340)","[990, 991, 2369, 2366, 2340]",11942,77,0.0018067359924316406,42618.29084191079
A* EUCLIDIANO,"(990, 2340)","[990, 991, 2369, 2366, 2340]",11942,95,0.0015659332275390625,60666.699147381245
A* MANHATTAN,"(990, 2340)","[990, 991, 2369, 2366, 2340]",11942,95,0.0015490055084228516,61329.67215637987
BFS,"(990, 2340)","[990, 991, 2369, 2366, 2340]",11942,20,0.5097918510437012,39.23169811179569
Dijkstra,"(1253, 2334)","[1253, 1260, 1259, 1249, 1246, 963, 964, 962, 1002, 952, 1000, 998, 994, 995, 996, 987, 988, 979, 980, 969, 977, 989, 990, 991, 2369, 2366, 2340, 2338, 2339, 2333, 2334]",36523,264346,2.759171485900879,95806.29596630168
A* HAVERSINI,"(1253, 2334)","[1253, 1260, 1259, 1249, 1246, 963, 964, 962, 1002, 952, 1000, 998, 994, 995, 996, 987, 988, 979, 980, 969, 977, 989, 990, 991, 2369, 2366, 2340, 2338, 2339, 2333, 2334]",36523,869,0.08429861068725586,10308.59219286486
A* EUCLIDIANO,"(1253, 2334)","[1253, 1260, 1259, 1249, 1246, 963, 964, 962, 1002, 952, 1000, 998, 994, 995, 996, 987, 988, 979, 980, 969, 977, 989, 990, 991, 2369, 2366, 2340, 2338, 2339, 2333, 2334]",36523,1066,0.11528515815734863,9246.636922205149
A* MANHATTAN,"(1253, 2334)","[1253, 1260, 1259, 1249, 1246, 963, 964, 962, 1002, 952, 1000, 998, 994, 995, 996, 987, 988, 979, 980, 969, 977, 989, 990, 991, 2369, 2366, 2340, 2338, 2339, 2333, 2334]",36523,1066,0.11999058723449707,8884.030194107818
BFS,"(1253, 2334)","[1253, 1260, 1259, 1249, 1246, 963, 964, 962, 1002, 1001, 1008, 1010, 1024, 1309, 1310, 1019, 1311, 1031, 1016, 1012, 989, 990, 991, 2369, 2366, 2340, 2338, 2339, 2333, 2334]",42453,1065,0.2586336135864258,4117.794223387426
Dijkstra,"(1260, 5411)","[1260, 1259, 1249, 1246, 963, 964, 962, 1002, 952, 1000, 998, 994, 995, 996, 987, 988, 979, 980, 969, 977, 989, 990, 991, 2369, 2366, 2340, 2338, 2339, 2333, 2334, 2329, 2029, 2027, 2019, 2022, 2000, 1996, 1997, 1993, 1992, 1989, 1984, 2001, 1900, 1875, 1874, 1965, 1963, 1964, 1923, 1944, 1945, 1938, 1937, 1939, 1935, 1931, 1934, 1673, 1675, 1674, 1837, 1671, 1828, 1825, 1817, 1815, 1634, 1814, 1813, 1632, 1631, 1742, 1741, 1740, 1739, 1591, 1689, 1585, 1584, 1688, 1579, 1679, 1677, 104, 5680, 5418, 5431, 5425, 5424, 5422, 5413, 5412, 5411]",104981,264346,2.6972100734710693,98007.19736294408
A* HAVERSINI,"(1260, 5411)","[1260, 1259, 1249, 1246, 963, 964, 962, 1002, 952, 1000, 998, 994, 995, 996, 987, 988, 979, 980, 969, 977, 989, 990, 991, 2369, 2366, 2340, 2338, 2339, 2333, 2334, 2329, 2029, 2027, 2019, 2022, 2000, 1996, 1997, 1993, 1992, 1989, 1984, 2001, 1900, 1875, 1874, 1965, 1963, 1964, 1923, 1944, 1945, 1938, 1937, 1939, 1935, 1931, 1934, 1673, 1675, 1674, 1837, 1671, 1828, 1825, 1817, 1815, 1634, 1814, 1813, 1632, 1631, 1742, 1741, 1740, 1739, 1591, 1689, 1585, 1584, 1688, 1579, 1679, 1677, 104, 5680, 5418, 5431, 5425, 5424, 5422, 5413, 5412, 5411]",104981,4456,3.0571320056915283,1457.5752671798828
A* EUCLIDIANO,"(1260, 5411)","[1260, 1259, 1249, 1246, 963, 964, 962, 1002, 952, 1000, 998, 994, 995, 996, 987, 988, 979, 980, 969, 977, 989, 990, 991, 2369, 2366, 2340, 2338, 2339, 2333, 2334, 2329, 2029, 2027, 2019, 2022, 2000, 1996, 1997, 1993, 1992, 1989, 1984, 2001, 1900, 1875, 1874, 1965, 1963, 1964, 1923, 1944, 1945, 1938, 1937, 1939, 1935, 1931, 1934, 1673, 1675, 1674, 1837, 1671, 1828, 1825, 1817, 1815, 1634, 1814, 1813, 1632, 1631, 1742, 1741, 1740, 1739, 1591, 1689, 1585, 1584, 1688, 1579, 1679, 1677, 104, 5680, 5418, 5431, 5425, 5424, 5422, 5413, 5412, 5411]",104981,4599,3.4978904724121094,1314.7924545586404
A* MANHATTAN,"(1260, 5411)","[1260, 1259, 1249, 1246, 963, 964, 962, 1002, 952, 1000, 998, 994, 995, 996, 987, 988, 979, 980, 969, 977, 989, 990, 991, 2369, 2366, 2340, 2338, 2339, 2333, 2334, 2329, 2029, 2027, 2019, 2022, 2000, 1996, 1997, 1993, 1992, 1989, 1984, 2001, 1900, 1875, 1874, 1965, 1963, 1964, 1923, 1944, 1945, 1938, 1937, 1939, 1935, 1931, 1934, 1673, 1675, 1674, 1837, 1671, 1828, 1825, 1817, 1815, 1634, 1814, 1813, 1632, 1631, 1742, 1741, 1740, 1739, 1591, 1689, 1585, 1584, 1688, 1579, 1679, 1677, 104, 5680, 5418, 5431, 5425, 5424, 5422, 5413, 5412, 5411]",104981,4599,3.275615692138672,1404.0108584891047
BFS,"(1260, 5411)","[1260, 1259, 1249, 1246, 963, 1243, 958, 957, 948, 944, 928, 929, 927, 925, 924, 906, 901, 755, 677, 663, 660, 659, 366, 365, 364, 349, 347, 345, 342, 320, 343, 297, 294, 295, 196, 202, 181, 182, 184, 215, 216, 217, 96, 98, 221, 232, 222, 237, 236, 4814, 4808, 5185, 103, 102, 1540, 1542, 1541, 1563, 1562, 1561, 1575, 1574, 1576, 5250, 5248, 5410, 5409, 5412, 5411]",173001,5700,0.3009369373321533,18940.845382860847
Dijkstra,"(990, 2027)","[990, 991, 2369, 2366, 2340, 2338, 2339, 2333, 2334, 2329, 2029, 2027]",20694,264346,2.87957763671875,91800.26842451091
A* HAVERSINI,"(990, 2027)","[990, 991, 2369, 2366, 2340, 2338, 2339, 2333, 2334, 2329, 2029, 2027]",20694,278,0.010370731353759766,26806.209756770426
A* EUCLIDIANO,"(990, 2027)","[990, 991, 2369, 2366, 2340, 2338, 2339, 2333, 2334, 2329, 2029, 2027]",20694,385,0.015698671340942383,24524.368441035767
A* MANHATTAN,"(990, 2027)","[990, 991, 2369, 2366, 2340, 2338, 2339, 2333, 2334, 2329, 2029, 2027]",20694,385,0.016391277313232422,23488.1024
BFS,"(990, 2027)","[990, 991, 2369, 2366, 2340, 2338, 2339, 2333, 2334, 2329, 2029, 2027]",20694,204,0.4174482822418213,488.6832900699924
Dijkstra,"(1283, 5411)","[1283, 1282, 1255, 1253, 1260, 1259, 1249, 1246, 963, 964, 962, 1002, 952, 1000, 998, 994, 995, 996, 987, 988, 979, 980, 969, 977, 989, 990, 991, 2369, 2366, 2340, 2338, 2339, 2333, 2334, 2329, 2029, 2027, 2019, 2022, 2000, 1996, 1997, 1993, 1992, 1989, 1984, 2001, 1900, 1875, 1874, 1965, 1963, 1964, 1923, 1944, 1945, 1938, 1937, 1939, 1935, 1931, 1934, 1673, 1675, 1674, 1837, 1671, 1828, 1825, 1817, 1815, 1634, 1814, 1813, 1632, 1631, 1742, 1741, 1740, 1739, 1591, 1689, 1585, 1584, 1688, 1579, 1679, 1677, 104, 5680, 5418, 5431, 5425, 5424, 5422, 5413, 5412, 5411]",108944,264346,2.734450340270996,96672.44495425803
A* HAVERSINI,"(1283, 5411)","[1283, 1282, 1255, 1253, 1260, 1259, 1249, 1246, 963, 964, 962, 1002, 952, 1000, 998, 994, 995, 996, 987, 988, 979, 980, 969, 977, 989, 990, 991, 2369, 2366, 2340, 2338, 2339, 2333, 2334, 2329, 2029, 2027, 2019, 2022, 2000, 1996, 1997, 1993, 1992, 1989, 1984, 2001, 1900, 1875, 1874, 1965, 1963, 1964, 1923, 1944, 1945, 1938, 1937, 1939, 1935, 1931, 1934, 1673, 1675, 1674, 1837, 1671, 1828, 1825, 1817, 1815, 1634, 1814, 1813, 1632, 1631, 1742, 1741, 1740, 1739, 1591, 1689, 1585, 1584, 1688, 1579, 1679, 1677, 104, 5680, 5418, 5431, 5425, 5424, 5422, 5413, 5412, 5411]",108944,4506,2.9491539001464844,1527.8958482892965
A* EUCLIDIANO,"(1283, 5411)","[1283, 1282, 1255, 1253, 1260, 1259, 1249, 1246, 963, 964, 962, 1002, 952, 1000, 998, 994, 995, 996, 987, 988, 979, 980, 969, 977, 989, 990, 991, 2369, 2366, 2340, 2338, 2339, 2333, 2334, 2329, 2029, 2027, 2019, 2022, 2000, 1996, 1997, 1993, 1992, 1989, 1984, 2001, 1900, 1875, 1874, 1965, 1963, 1964, 1923, 1944, 1945, 1938, 1937, 1939, 1935, 1931, 1934, 1673, 1675, 1674, 1837, 1671, 1828, 1825, 1817, 1815, 1634, 1814, 1813, 1632, 1631, 1742, 1741, 1740, 1739, 1591, 1689, 1585, 1584, 1688, 1579, 1679, 1677, 104, 5680, 5418, 5431, 5425, 5424, 5422, 5413, 5412, 5411]",108944,4651,3.221937417984009,1443.5413841495924
A* MANHATTAN,"(1283, 5411)","[1283, 1282, 1255, 1253, 1260, 1259, 1249, 1246, 963, 964, 962, 1002, 952, 1000, 998, 994, 995, 996, 987, 988, 979, 980, 969, 977, 989, 990, 991, 2369, 2366, 2340, 2338, 2339, 2333, 2334, 2329, 2029, 2027, 2019, 2022, 2000, 1996, 1997, 1993, 1992, 1989, 1984, 2001, 1900, 1875, 1874, 1965, 1963, 1964, 1923, 1944, 1945, 1938, 1937, 1939, 1935, 1931, 1934, 1673, 1675, 1674, 1837, 1671, 1828, 1825, 1817, 1815, 1634, 1814, 1813, 1632, 1631, 1742, 1741, 1740, 1739, 1591, 1689, 1585, 1584, 1688, 1579, 1679, 1677, 104, 5680, 5418, 5431, 5425, 5424, 5422, 5413, 5412, 5411]",108944,4651,2.837466239929199,1639.1384449092343
BFS,"(1283, 5411)","[1283, 1282, 1281, 1242, 1241, 1240, 1235, 956, 953, 955, 947, 945, 928, 929, 927, 925, 924, 906, 901, 755, 677, 663, 660, 659, 366, 365, 364, 349, 347, 345, 342, 320, 343, 297, 294, 295, 196, 202, 181, 182, 184, 215, 216, 217, 96, 98, 221, 232, 222, 237, 236, 4814, 4808, 5185, 103, 102, 1540, 1542, 1541, 1563, 1562, 1561, 1575, 1574, 1576, 5250, 5248, 5410, 5409, 5412, 5411]",180140,5747,0.2928898334503174,19621.71213762822
Dijkstra,"(987, 1634)","[987, 988, 979, 980, 969, 977, 989, 990, 991, 2369, 2366, 2340, 2338, 2339, 2333, 2334, 2329, 2029, 2027, 2019, 2022, 2000, 1996, 1997, 1993, 1992, 1989, 1984, 2001, 1900, 1875, 1874, 1965, 1963, 1964, 1923, 1944, 1945, 1938, 1937, 1939, 1935, 1931, 1934, 1673, 1675, 1674, 1837, 1671, 1828, 1825, 1817, 1815, 1634]",65529,264346,2.752451181411743,96040.2138229445
A* HAVERSINI,"(987, 1634)","[987, 988, 979, 980, 969, 977, 989, 990, 991, 2369, 2366, 2340, 2338, 2339, 2333, 2334, 2329, 2029, 2027, 2019, 2022, 2000, 1996, 1997, 1993, 1992, 1989, 1984, 2001, 1900, 1875, 1874, 1965, 1963, 1964, 1923, 1944, 1945, 1938, 1937, 1939, 1935, 1931, 1934, 1673, 1675, 1674, 1837, 1671, 1828, 1825, 1817, 1815, 1634]",65529,3003,1.0754890441894531,2792.218122745475
A* EUCLIDIANO,"(987, 1634)","[987, 988, 979, 980, 969, 977, 989, 990, 991, 2369, 2366, 2340, 2338, 2339, 2333, 2334, 2329, 2029, 2027, 2019, 2022, 2000, 1996, 1997, 1993, 1992, 1989, 1984, 2001, 1900, 1875, 1874, 1965, 1963, 1964, 1923, 1944, 1945, 1938, 1937, 1939, 1935, 1931, 1934, 1673, 1675, 1674, 1837, 1671, 1828, 1825, 1817, 1815, 1634]",65529,3375,1.5449023246765137,2184.6041306894203
A* MANHATTAN,"(987, 1634)","[987, 988, 979, 980, 969, 977, 989, 990, 991, 2369, 2366, 2340, 2338, 2339, 2333, 2334, 2329, 2029, 2027, 2019, 2022, 2000, 1996, 1997, 1993, 1992, 1989, 1984, 2001, 1900, 1875, 1874, 1965, 1963, 1964, 1923, 1944, 1945, 1938, 1937, 1939, 1935, 1931, 1934, 1673, 1675, 1674, 1837, 1671, 1828, 1825, 1817, 1815, 1634]",65529,3375,1.5440716743469238,2185.779362494607
BFS,"(987, 1634)","[987, 986, 979, 980, 969, 977, 989, 990, 991, 2465, 2466, 2384, 2382, 2385, 2379, 2380, 2445, 2444, 2405, 2404, 2398, 2395, 2397, 2140, 2141, 2125, 2126, 2082, 2080, 2081, 2073, 2075, 2164, 2163, 2162, 2159, 2158, 2160, 71, 1852, 1836, 1833, 1829, 1818, 1816, 1815, 1634]",77593,3944,0.46025896072387695,8569.08900545257
